"layoff_month","industry","monthly_layoffs","rolling_3m_avg"
"2020-03","Aerospace",451,451
"2020-04","Aerospace",40,246
"2020-06","Aerospace",70,187
"2022-09","Aerospace",100,70
"2022-11","Aerospace",NULL,85
"2023-06","Aerospace",NULL,100
"2023-07","Aerospace",75,75
"2023-08","Aerospace",117,96
"2023-09","Aerospace",NULL,96
"2023-10","Aerospace",40,79
"2023-11","Aerospace",265,153
"2024-04","Aerospace",30,112
"2024-05","Aerospace",34,110
"2024-06","Aerospace",250,105
"2024-09","Aerospace",NULL,142
"2024-11","Aerospace",NULL,250
"2024-12","Aerospace",1000,1000
"2025-02","Aerospace",1000,1000
"2023-07","AI",NULL,NULL
"2023-08","AI",60,60
"2023-10","AI",20,40
"2023-11","AI",150,77
"2024-04","AI",32,67
"2024-07","AI",20,67
"2024-08","AI",6,19
"2024-09","AI",NULL,13
"2025-02","AI",65,36
"2025-03","AI",22,44
"2025-04","AI",77,55
"2025-05","AI",10,36
"2025-07","AI",100,62
"2025-08","AI",30,47
"2025-09","AI",550,227
"2025-12","AI",60,213
"2026-01","AI",50,220
"2026-02","AI",280,130
"2026-03","AI",NULL,165
"2020-03","Construction",60,60
"2020-04","Construction",256,158
"2020-06","Construction",400,239
"2020-07","Construction",180,279
"2021-06","Construction",2434,1005
"2022-06","Construction",140,918
"2022-07","Construction",NULL,1287
"2022-08","Construction",70,105
"2022-10","Construction",210,140
"2022-12","Construction",13,98
"2023-01","Construction",100,108
"2023-02","Construction",NULL,57
"2023-04","Construction",NULL,100
"2023-07","Construction",NULL,NULL
"2023-10","Construction",NULL,NULL
"2023-11","Construction",NULL,NULL
"2024-01","Construction",NULL,NULL
"2025-01","Construction",114,114
"1900-01","Consumer",700,700
"2020-03","Consumer",840,770
"2020-04","Consumer",3269,1603
"2020-05","Consumer",1450,1853
"2020-06","Consumer",186,1635
"2020-07","Consumer",68,568
"2020-08","Consumer",250,168
"2021-01","Consumer",1800,706
"2021-02","Consumer",NULL,1025
"2021-08","Consumer",1800,1800
"2021-09","Consumer",NULL,1800
"2022-01","Consumer",80,940
"2022-04","Consumer",180,130
"2022-05","Consumer",677,312
"2022-06","Consumer",413,423
"2022-07","Consumer",143,411
"2022-08","Consumer",1773,776
"2022-09","Consumer",NULL,958
"2022-10","Consumer",65,919
"2022-11","Consumer",15570,7818
"2022-12","Consumer",955,5530
"2023-01","Consumer",12739,9755
"2023-02","Consumer",2924,5539
"2023-03","Consumer",10960,8874
"2023-04","Consumer",198,4694
"2023-05","Consumer",NULL,5579
"2023-06","Consumer",335,267
"2023-07","Consumer",80,208
"2023-08","Consumer",567,327
"2023-09","Consumer",1145,597
"2023-10","Consumer",55,589
"2023-11","Consumer",1060,753
"2023-12","Consumer",240,452
"2024-01","Consumer",3700,1667
"2024-02","Consumer",2790,2243
"2024-03","Consumer",81,2190
"2024-04","Consumer",829,1233
"2024-05","Consumer",1453,788
"2024-06","Consumer",450,911
"2024-07","Consumer",365,756
"2024-08","Consumer",451,422
"2024-10","Consumer",1000,605
"2024-11","Consumer",105,519
"2024-12","Consumer",NULL,553
"2025-01","Consumer",NULL,105
"2025-02","Consumer",3950,3950
"2025-03","Consumer",300,2125
"2025-04","Consumer",417,1556
"2025-05","Consumer",505,407
"2025-06","Consumer",430,451
"2025-07","Consumer",200,378
"2025-08","Consumer",208,279
"2025-09","Consumer",1540,649
"2025-10","Consumer",860,869
"2025-11","Consumer",1330,1243
"2025-12","Consumer",24,738
"2026-01","Consumer",3360,1571
"2026-02","Consumer",1000,1461
"2026-03","Consumer",1000,1787
"2026-04","Consumer",345,782
"2020-04","Crypto",91,91
"2022-04","Crypto",75,83
"2022-05","Crypto",160,109
"2022-06","Crypto",3085,1107
"2022-07","Crypto",490,1245
"2022-08","Crypto",166,1247
"2022-09","Crypto",210,289
"2022-10","Crypto",2060,812
"2022-11","Crypto",1676,1315
"2022-12","Crypto",341,1359
"2023-01","Crypto",1974,1330
"2023-02","Crypto",365,893
"2023-03","Crypto",75,805
"2023-04","Crypto",33,158
"2023-05","Crypto",30,46
"2023-06","Crypto",1016,360
"2023-07","Crypto",1141,729
"2023-08","Crypto",44,734
"2023-09","Crypto",100,428
"2023-10","Crypto",276,140
"2023-11","Crypto",50,142
"2024-02","Crypto",80,135
"2024-03","Crypto",22,51
"2024-05","Crypto",28,43
"2024-06","Crypto",95,48
"2024-09","Crypto",NULL,62
"2024-10","Crypto",563,329
"2024-12","Crypto",124,344
"2025-02","Crypto",200,296
"2025-07","Crypto",76,133
"2026-01","Crypto",60,112
"2026-03","Crypto",NULL,68
"2020-03","Data",230,230
"2020-04","Data",400,315
"2020-05","Data",262,297
"2020-06","Data",82,248
"2020-08","Data",NULL,172
"2020-09","Data",240,161
"2020-11","Data",NULL,240
"2020-12","Data",54,147
"2021-01","Data",20,37
"2021-03","Data",NULL,37
"2021-11","Data",70,45
"2022-02","Data",NULL,70
"2022-03","Data",159,115
"2022-05","Data",175,167
"2022-06","Data",347,227
"2022-07","Data",160,227
"2022-08","Data",48,185
"2022-09","Data",25,78
"2022-10","Data",85,53
"2022-11","Data",306,139
"2022-12","Data",24,138
"2023-01","Data",2023,784
"2023-02","Data",440,829
"2023-03","Data",475,979
"2023-04","Data",786,567
"2023-05","Data",250,504
"2023-06","Data",79,372
"2023-07","Data",330,220
"2023-10","Data",105,171
"2023-11","Data",1045,493
"2024-01","Data",360,503
"2024-02","Data",275,560
"2024-03","Data",NULL,318
"2024-07","Data",1200,738
"2024-08","Data",NULL,1200
"2024-10","Data",269,735
"2024-11","Data",NULL,269
"2024-12","Data",NULL,269
"2025-01","Data",150,150
"2025-02","Data",100,125
"2025-03","Data",140,130
"2025-04","Data",700,313
"2025-05","Data",1600,813
"2025-07","Data",200,833
"2025-09","Data",22,607
"2026-02","Data",NULL,111
"2026-03","Data",NULL,22
"2020-03","Education",50,50
"2020-04","Education",224,137
"2020-05","Education",403,226
"2020-09","Education",NULL,314
"2020-10","Education",8,206
"2021-01","Education",1800,904
"2021-04","Education",65,624
"2021-08","Education",37,634
"2021-09","Education",41,48
"2022-02","Education",150,76
"2022-03","Education",100,97
"2022-04","Education",1150,467
"2022-05","Education",1085,778
"2022-06","Education",1320,1185
"2022-07","Education",91,832
"2022-08","Education",300,570
"2022-09","Education",200,197
"2022-10","Education",2736,1079
"2022-11","Education",580,1172
"2022-12","Education",1016,1444
"2023-01","Education",218,605
"2023-02","Education",1565,933
"2023-03","Education",330,704
"2023-04","Education",931,942
"2023-05","Education",342,534
"2023-06","Education",1208,827
"2023-07","Education",200,583
"2023-08","Education",305,571
"2023-09","Education",87,197
"2023-10","Education",379,257
"2023-11","Education",120,195
"2023-12","Education",200,233
"2024-01","Education",100,140
"2024-02","Education",35,112
"2024-03","Education",39,58
"2024-04","Education",650,241
"2024-05","Education",445,378
"2024-06","Education",441,512
"2024-07","Education",250,379
"2024-08","Education",81,257
"2024-09","Education",360,230
"2024-10","Education",150,197
"2024-11","Education",319,276
"2024-12","Education",NULL,235
"2025-03","Education",NULL,319
"2025-05","Education",248,248
"2025-06","Education",NULL,248
"2025-10","Education",388,318
"2025-12","Education",NULL,388
"2026-01","Education",55,222
"2026-02","Education",NULL,55
"2020-03","Energy",167,167
"2020-04","Energy",NULL,167
"2022-04","Energy",450,309
"2022-05","Energy",97,274
"2022-06","Energy",30,192
"2022-07","Energy",NULL,64
"2022-09","Energy",58,44
"2022-10","Energy",NULL,58
"2022-11","Energy",NULL,58
"2023-01","Energy",NULL,NULL
"2023-04","Energy",10,10
"2023-06","Energy",50,30
"2023-08","Energy",200,87
"2023-10","Energy",185,145
"2023-12","Energy",350,245
"2024-01","Energy",1165,567
"2024-02","Energy",65,527
"2024-03","Energy",NULL,615
"2024-04","Energy",70,68
"2024-05","Energy",170,120
"2024-06","Energy",101,114
"2024-07","Energy",648,306
"2024-09","Energy",1600,783
"2024-10","Energy",NULL,1124
"2024-11","Energy",1000,1300
"2025-01","Energy",458,729
"2025-02","Energy",NULL,729
"2025-03","Energy",2800,1629
"2025-04","Energy",NULL,2800
"2025-05","Energy",106,1453
"2025-09","Energy",NULL,106
"2025-12","Energy",NULL,106
"2026-03","Energy",100,100
"2020-03","Finance",189,189
"2020-04","Finance",2809,1499
"2020-05","Finance",2795,1931
"2020-06","Finance",2582,2729
"2020-07","Finance",222,1866
"2020-09","Finance",22,942
"2020-11","Finance",5,83
"2021-01","Finance",NULL,14
"2021-05","Finance",NULL,5
"2022-01","Finance",330,330
"2022-02","Finance",150,240
"2022-03","Finance",20,167
"2022-04","Finance",592,254
"2022-05","Finance",1938,850
"2022-06","Finance",1379,1303
"2022-07","Finance",1166,1494
"2022-08","Finance",1606,1384
"2022-09","Finance",765,1179
"2022-10","Finance",824,1065
"2022-11","Finance",2862,1484
"2022-12","Finance",1367,1684
"2023-01","Finance",5752,3327
"2023-02","Finance",1324,2814
"2023-03","Finance",1354,2810
"2023-04","Finance",831,1170
"2023-05","Finance",1010,1065
"2023-06","Finance",1307,1049
"2023-07","Finance",1835,1384
"2023-08","Finance",413,1185
"2023-09","Finance",238,829
"2023-10","Finance",744,465
"2023-11","Finance",348,443
"2023-12","Finance",1410,834
"2024-01","Finance",4096,1951
"2024-02","Finance",199,1902
"2024-03","Finance",157,1484
"2024-04","Finance",50,135
"2024-05","Finance",312,173
"2024-06","Finance",4189,1517
"2024-07","Finance",1800,2100
"2024-08","Finance",NULL,2995
"2024-09","Finance",209,1005
"2024-10","Finance",140,175
"2024-11","Finance",131,160
"2024-12","Finance",638,303
"2025-01","Finance",337,369
"2025-02","Finance",695,557
"2025-03","Finance",931,654
"2025-04","Finance",100,575
"2025-05","Finance",NULL,516
"2025-07","Finance",70,85
"2025-08","Finance",145,108
"2025-09","Finance",NULL,108
"2025-10","Finance",130,138
"2025-11","Finance",441,286
"2025-12","Finance",760,444
"2026-01","Finance",205,469
"2026-02","Finance",4110,1692
"2026-03","Finance",600,1638
"2026-04","Finance",NULL,2355
"2020-03","Fitness",801,801
"2020-04","Fitness",1421,1111
"2020-05","Fitness",800,1007
"2020-07","Fitness",120,780
"2021-12","Fitness",NULL,460
"2022-02","Fitness",2800,1460
"2022-04","Fitness",50,1425
"2022-05","Fitness",150,1000
"2022-07","Fitness",357,186
"2022-08","Fitness",784,430
"2022-09","Fitness",55,399
"2022-10","Fitness",900,580
"2022-11","Fitness",300,418
"2022-12","Fitness",150,450
"2023-01","Fitness",30,160
"2023-03","Fitness",180,120
"2023-07","Fitness",33,81
"2023-08","Fitness",NULL,107
"2023-09","Fitness",120,77
"2024-01","Fitness",220,170
"2024-02","Fitness",NULL,170
"2024-05","Fitness",400,310
"2024-09","Fitness",170,285
"2025-08","Fitness",NULL,285
"2026-01","Fitness",NULL,170
"2020-03","Food",341,341
"2020-04","Food",3812,2077
"2020-05","Food",1620,1924
"2020-07","Food",350,1927
"2020-08","Food",95,688
"2020-10","Food",NULL,223
"2021-01","Food",2057,1076
"2021-02","Food",287,1172
"2021-09","Food",NULL,1172
"2021-12","Food",300,294
"2022-01","Food",100,200
"2022-02","Food",160,187
"2022-03","Food",450,237
"2022-04","Food",90,233
"2022-05","Food",1280,607
"2022-06","Food",523,631
"2022-07","Food",3833,1879
"2022-08","Food",80,1479
"2022-09","Food",586,1500
"2022-10","Food",1411,692
"2022-11","Food",2291,1429
"2022-12","Food",684,1462
"2023-01","Food",1161,1379
"2023-02","Food",1489,1111
"2023-03","Food",2585,1745
"2023-04","Food",8717,4264
"2023-05","Food",1385,4229
"2023-06","Food",519,3540
"2023-07","Food",834,913
"2023-08","Food",2813,1389
"2023-09","Food",254,1300
"2023-11","Food",65,1044
"2023-12","Food",1000,440
"2024-01","Food",628,564
"2024-02","Food",970,866
"2024-03","Food",150,583
"2024-04","Food",3525,1548
"2024-05","Food",22,1232
"2024-06","Food",180,1242
"2024-07","Food",426,209
"2024-08","Food",950,519
"2024-09","Food",68,481
"2024-10","Food",NULL,509
"2024-11","Food",300,184
"2024-12","Food",NULL,300
"2025-02","Food",620,460
"2025-03","Food",273,447
"2025-04","Food",600,498
"2025-05","Food",300,391
"2025-08","Food",100,333
"2025-09","Food",450,283
"2025-11","Food",77,209
"2025-12","Food",NULL,264
"2026-02","Food",1187,632
"2022-10","Hardware",3000,3000
"2022-11","Hardware",251,1626
"2022-12","Hardware",354,1202
"2023-01","Hardware",11273,3959
"2023-02","Hardware",9150,6926
"2023-03","Hardware",1180,7201
"2023-04","Hardware",NULL,5165
"2023-05","Hardware",90,635
"2023-06","Hardware",295,193
"2023-07","Hardware",98,161
"2023-08","Hardware",164,186
"2023-10","Hardware",1828,697
"2023-11","Hardware",NULL,996
"2023-12","Hardware",381,1105
"2024-01","Hardware",3010,1696
"2024-03","Hardware",6000,3130
"2024-04","Hardware",676,3229
"2024-05","Hardware",NULL,3338
"2024-07","Hardware",20,348
"2024-08","Hardware",16100,8060
"2024-09","Hardware",NULL,8060
"2024-10","Hardware",NULL,16100
"2024-11","Hardware",1000,1000
"2024-12","Hardware",NULL,1000
"2025-02","Hardware",4058,2529
"2025-03","Hardware",2500,3279
"2025-04","Hardware",22000,9519
"2025-06","Hardware",NULL,12250
"2025-07","Hardware",5100,13550
"2025-08","Hardware",300,2700
"2025-10","Hardware",247,1882
"2025-11","Hardware",4052,1533
"2025-12","Hardware",80,1460
"2026-01","Hardware",1700,1944
"2026-02","Hardware",50,610
"2020-04","Healthcare",702,702
"2020-05","Healthcare",70,386
"2020-06","Healthcare",44,272
"2020-08","Healthcare",8,41
"2020-09","Healthcare",47,33
"2020-10","Healthcare",82,46
"2020-11","Healthcare",172,100
"2022-03","Healthcare",750,335
"2022-04","Healthcare",539,487
"2022-05","Healthcare",786,692
"2022-06","Healthcare",1074,800
"2022-07","Healthcare",2016,1292
"2022-08","Healthcare",2160,1750
"2022-09","Healthcare",451,1542
"2022-10","Healthcare",5584,2732
"2022-11","Healthcare",1414,2483
"2022-12","Healthcare",284,2427
"2023-01","Healthcare",8287,3328
"2023-02","Healthcare",1112,3228
"2023-03","Healthcare",1423,3607
"2023-04","Healthcare",1044,1193
"2023-05","Healthcare",3610,2026
"2023-06","Healthcare",880,1845
"2023-07","Healthcare",187,1559
"2023-08","Healthcare",681,583
"2023-09","Healthcare",570,479
"2023-10","Healthcare",257,503
"2023-11","Healthcare",84,304
"2023-12","Healthcare",335,225
"2024-01","Healthcare",488,302
"2024-02","Healthcare",616,480
"2024-03","Healthcare",270,458
"2024-04","Healthcare",330,405
"2024-05","Healthcare",450,350
"2024-06","Healthcare",643,474
"2024-07","Healthcare",NULL,547
"2024-08","Healthcare",481,562
"2024-09","Healthcare",80,281
"2024-10","Healthcare",NULL,281
"2024-11","Healthcare",550,315
"2024-12","Healthcare",NULL,550
"2025-02","Healthcare",NULL,550
"2025-05","Healthcare",165,165
"2025-07","Healthcare",35,100
"2025-08","Healthcare",83,94
"2025-10","Healthcare",60,59
"2025-12","Healthcare",NULL,72
"2020-03","HR",70,70
"2020-04","HR",426,248
"2020-05","HR",222,239
"2020-07","HR",64,237
"2020-11","HR",NULL,143
"2021-07","HR",80,72
"2022-06","HR",30,55
"2022-07","HR",256,122
"2022-08","HR",118,135
"2022-09","HR",46,140
"2022-10","HR",30,65
"2022-11","HR",NULL,38
"2022-12","HR",258,144
"2023-01","HR",962,610
"2023-02","HR",216,479
"2023-03","HR",3016,1398
"2023-04","HR",210,1147
"2023-06","HR",47,1091
"2023-07","HR",34,97
"2023-08","HR",548,210
"2023-09","HR",9,197
"2023-11","HR",73,210
"2024-01","HR",100,61
"2024-02","HR",NULL,87
"2024-03","HR",NULL,100
"2024-04","HR",382,382
"2024-05","HR",1000,691
"2024-07","HR",2200,1194
"2024-10","HR",NULL,1600
"2024-11","HR",115,1158
"2025-02","HR",1950,1033
"2025-07","HR",1320,1128
"2025-10","HR",665,1312
"2025-11","HR",360,782
"2026-02","HR",400,475
"2020-03","Infrastructure",80,80
"2020-04","Infrastructure",70,75
"2020-05","Infrastructure",57,69
"2020-06","Infrastructure",140,89
"2020-08","Infrastructure",30,76
"2020-10","Infrastructure",NULL,85
"2021-03","Infrastructure",NULL,30
"2021-04","Infrastructure",160,160
"2022-04","Infrastructure",NULL,160
"2022-05","Infrastructure",50,105
"2022-06","Infrastructure",140,95
"2022-07","Infrastructure",15,68
"2022-08","Infrastructure",380,178
"2022-09","Infrastructure",40,145
"2022-10","Infrastructure",96,172
"2022-11","Infrastructure",4100,1412
"2022-12","Infrastructure",130,1442
"2023-01","Infrastructure",92,1441
"2023-02","Infrastructure",250,157
"2023-03","Infrastructure",NULL,171
"2023-04","Infrastructure",90,170
"2023-05","Infrastructure",40,65
"2023-06","Infrastructure",464,198
"2023-07","Infrastructure",NULL,252
"2023-09","Infrastructure",350,407
"2023-11","Infrastructure",2837,1594
"2023-12","Infrastructure",NULL,1594
"2024-01","Infrastructure",1000,1919
"2024-02","Infrastructure",4250,2625
"2024-03","Infrastructure",80,1777
"2024-04","Infrastructure",NULL,2165
"2024-05","Infrastructure",33,57
"2024-06","Infrastructure",NULL,33
"2024-08","Infrastructure",5600,2817
"2024-09","Infrastructure",40,2820
"2024-10","Infrastructure",NULL,2820
"2024-11","Infrastructure",NULL,40
"2025-04","Infrastructure",NULL,NULL
"2025-08","Infrastructure",221,221
"2020-03","Legal",75,75
"2020-04","Legal",150,113
"2020-05","Legal",45,90
"2022-06","Legal",110,102
"2022-09","Legal",30,62
"2022-10","Legal",60,67
"2022-11","Legal",NULL,45
"2022-12","Legal",150,105
"2023-01","Legal",192,171
"2023-02","Legal",24,122
"2023-05","Legal",NULL,108
"2023-07","Legal",30,27
"2023-10","Legal",100,65
"2024-02","Legal",90,73
"2024-08","Legal",NULL,95
"2025-10","Legal",NULL,90
"2020-03","Logistics",519,519
"2020-04","Logistics",359,439
"2020-05","Logistics",300,393
"2020-07","Logistics",140,266
"2020-09","Logistics",NULL,220
"2022-05","Logistics",NULL,140
"2022-06","Logistics",409,409
"2022-07","Logistics",210,310
"2022-08","Logistics",734,451
"2022-10","Logistics",NULL,472
"2022-11","Logistics",120,427
"2023-01","Logistics",845,483
"2023-02","Logistics",390,452
"2023-03","Logistics",NULL,618
"2023-04","Logistics",45,218
"2023-05","Logistics",130,88
"2023-06","Logistics",30,68
"2023-07","Logistics",90,83
"2023-08","Logistics",NULL,60
"2023-09","Logistics",247,169
"2023-10","Logistics",500,374
"2023-12","Logistics",NULL,374
"2024-01","Logistics",204,352
"2024-03","Logistics",54,129
"2024-04","Logistics",30,96
"2024-09","Logistics",16,33
"2024-10","Logistics",NULL,23
"2024-11","Logistics",30,23
"2025-01","Logistics",63,47
"2025-02","Logistics",150,81
"2025-03","Logistics",NULL,107
"2025-04","Logistics",200,175
"2025-07","Logistics",NULL,200
"2025-11","Logistics",350,275
"2026-02","Logistics",2000,1175
"2023-01","Manufacturing",20,20
"2023-02","Manufacturing",30,25
"2023-03","Manufacturing",108,53
"2023-05","Manufacturing",NULL,69
"2023-06","Manufacturing",196,152
"2023-08","Manufacturing",1016,606
"2023-09","Manufacturing",NULL,606
"2023-11","Manufacturing",NULL,1016
"2023-12","Manufacturing",172,172
"2024-01","Manufacturing",NULL,172
"2024-02","Manufacturing",NULL,172
"2024-03","Manufacturing",100,100
"2024-05","Manufacturing",4000,2050
"2024-08","Manufacturing",1458,1853
"2024-09","Manufacturing",250,1903
"2025-02","Manufacturing",140,616
"2025-05","Manufacturing",NULL,195
"2025-07","Manufacturing",60,100
"2025-10","Manufacturing",1400,730
"2025-12","Manufacturing",NULL,730
"2026-01","Manufacturing",250,825
"2020-03","Marketing",368,368
"2020-04","Marketing",1173,771
"2020-05","Marketing",621,721
"2020-06","Marketing",468,754
"2020-07","Marketing",78,389
"2020-09","Marketing",NULL,273
"2020-10","Marketing",250,164
"2021-01","Marketing",21,136
"2022-04","Marketing",22,98
"2022-05","Marketing",NULL,22
"2022-06","Marketing",641,332
"2022-07","Marketing",495,568
"2022-08","Marketing",641,592
"2022-09","Marketing",159,432
"2022-10","Marketing",492,431
"2022-11","Marketing",659,437
"2022-12","Marketing",488,546
"2023-01","Marketing",2310,1152
"2023-02","Marketing",1349,1382
"2023-03","Marketing",203,1287
"2023-04","Marketing",80,544
"2023-05","Marketing",355,213
"2023-06","Marketing",890,442
"2023-07","Marketing",NULL,623
"2023-08","Marketing",8,449
"2023-09","Marketing",140,74
"2023-10","Marketing",NULL,74
"2023-11","Marketing",NULL,140
"2023-12","Marketing",NULL,NULL
"2024-01","Marketing",207,207
"2024-03","Marketing",NULL,207
"2024-04","Marketing",190,199
"2024-05","Marketing",105,148
"2024-06","Marketing",35,110
"2024-07","Marketing",NULL,70
"2024-08","Marketing",206,121
"2024-09","Marketing",27,117
"2024-10","Marketing",164,132
"2024-11","Marketing",424,205
"2024-12","Marketing",80,223
"2025-01","Marketing",116,207
"2025-02","Marketing",200,132
"2025-03","Marketing",393,236
"2025-04","Marketing",97,230
"2025-07","Marketing",NULL,245
"2025-08","Marketing",200,149
"2025-10","Marketing",NULL,200
"2025-12","Marketing",180,190
"2026-03","Marketing",200,190
"2020-03","Media",154,154
"2020-04","Media",442,298
"2020-05","Media",201,266
"2020-06","Media",71,238
"2020-07","Media",12,95
"2020-08","Media",NULL,42
"2020-09","Media",270,141
"2020-10","Media",NULL,270
"2021-03","Media",47,159
"2021-04","Media",36,42
"2021-10","Media",NULL,42
"2022-03","Media",100,68
"2022-04","Media",58,79
"2022-05","Media",237,132
"2022-06","Media",443,246
"2022-07","Media",202,294
"2022-08","Media",NULL,323
"2022-09","Media",185,194
"2022-10","Media",24,105
"2022-11","Media",450,220
"2022-12","Media",180,218
"2023-01","Media",1015,548
"2023-02","Media",620,605
"2023-03","Media",984,873
"2023-04","Media",180,595
"2023-05","Media",35,400
"2023-06","Media",305,173
"2023-07","Media",474,271
"2023-08","Media",160,313
"2023-09","Media",360,331
"2023-11","Media",NULL,260
"2023-12","Media",1508,934
"2024-01","Media",361,935
"2024-02","Media",160,676
"2024-03","Media",11,177
"2024-07","Media",1276,482
"2024-08","Media",50,446
"2024-10","Media",22,449
"2024-11","Media",80,51
"2024-12","Media",NULL,51
"2025-01","Media",75,78
"2025-05","Media",350,213
"2025-08","Media",170,198
"2026-03","Media",15,178
"2020-03","Other",43,43
"2020-04","Other",290,167
"2020-05","Other",133,155
"2021-01","Other",315,246
"2021-02","Other",80,176
"2021-09","Other",120,172
"2022-01","Other",NULL,100
"2022-02","Other",138,129
"2022-04","Other",64,101
"2022-05","Other",410,204
"2022-06","Other",291,255
"2022-07","Other",1990,897
"2022-08","Other",348,876
"2022-09","Other",850,1063
"2022-10","Other",280,493
"2022-11","Other",1670,933
"2022-12","Other",255,735
"2023-01","Other",14619,5515
"2023-02","Other",13393,9422
"2023-03","Other",1060,9691
"2023-04","Other",2959,5804
"2023-05","Other",1162,1727
"2023-06","Other",818,1646
"2023-07","Other",1215,1065
"2023-08","Other",1178,1070
"2023-09","Other",186,860
"2023-10","Other",923,762
"2023-11","Other",1065,725
"2023-12","Other",109,699
"2024-01","Other",11822,4332
"2024-02","Other",200,4044
"2024-03","Other",90,4037
"2024-04","Other",49,113
"2024-05","Other",136,92
"2024-06","Other",1045,410
"2024-07","Other",420,534
"2024-08","Other",220,562
"2024-09","Other",910,517
"2024-10","Other",802,644
"2024-11","Other",704,805
"2024-12","Other",370,625
"2025-01","Other",NULL,537
"2025-02","Other",1660,1015
"2025-03","Other",68,864
"2025-04","Other",481,736
"2025-05","Other",6215,2255
"2025-06","Other",635,2444
"2025-07","Other",9316,5389
"2025-08","Other",739,3563
"2025-09","Other",947,3667
"2025-10","Other",120,602
"2025-11","Other",2102,1056
"2025-12","Other",20,747
"2026-01","Other",2600,1574
"2026-02","Other",NULL,1310
"2026-03","Other",31649,17125
"2020-03","Product",90,90
"2020-04","Product",17,54
"2020-05","Product",47,51
"2020-06","Product",45,36
"2020-08","Product",NULL,46
"2021-10","Product",22,34
"2022-05","Product",90,56
"2022-06","Product",78,63
"2022-07","Product",100,89
"2022-08","Product",103,94
"2022-09","Product",45,83
"2022-10","Product",23,57
"2022-11","Product",100,56
"2022-12","Product",322,148
"2023-01","Product",21,148
"2023-02","Product",130,158
"2023-06","Product",270,140
"2023-08","Product",37,146
"2023-09","Product",237,181
"2023-12","Product",40,105
"2024-01","Product",100,126
"2024-04","Product",150,97
"2024-05","Product",30,93
"2024-06","Product",11,64
"2024-10","Product",NULL,21
"2024-11","Product",18,15
"2025-01","Product",NULL,18
"2025-07","Product",NULL,18
"2026-01","Product",3,3
"2026-04","Product",90,47
"2020-03","Real Estate",1375,1375
"2020-04","Real Estate",1421,1398
"2020-05","Real Estate",483,1093
"2020-06","Real Estate",224,709
"2020-07","Real Estate",56,254
"2020-09","Real Estate",NULL,140
"2020-10","Real Estate",20,38
"2020-11","Real Estate",NULL,20
"2020-12","Real Estate",120,70
"2021-11","Real Estate",2000,1060
"2021-12","Real Estate",900,1007
"2022-02","Real Estate",176,1025
"2022-03","Real Estate",3115,1397
"2022-04","Real Estate",319,1203
"2022-06","Real Estate",1035,1490
"2022-07","Real Estate",849,734
"2022-08","Real Estate",180,688
"2022-09","Real Estate",311,447
"2022-10","Real Estate",1092,528
"2022-11","Real Estate",2346,1250
"2022-12","Real Estate",509,1316
"2023-01","Real Estate",594,1150
"2023-02","Real Estate",NULL,552
"2023-03","Real Estate",440,517
"2023-04","Real Estate",761,601
"2023-05","Real Estate",156,452
"2023-06","Real Estate",NULL,459
"2023-07","Real Estate",141,149
"2023-08","Real Estate",189,165
"2023-09","Real Estate",134,155
"2023-11","Real Estate",83,135
"2023-12","Real Estate",NULL,109
"2024-01","Real Estate",NULL,83
"2024-02","Real Estate",79,79
"2024-04","Real Estate",NULL,79
"2024-06","Real Estate",260,170
"2024-07","Real Estate",NULL,260
"2024-08","Real Estate",82,171
"2024-11","Real Estate",300,191
"2024-12","Real Estate",NULL,191
"2025-01","Real Estate",46,173
"2025-02","Real Estate",450,248
"2025-04","Real Estate",NULL,248
"2025-07","Real Estate",NULL,450
"2026-02","Real Estate",200,200
"2020-03","Recruiting",549,549
"2020-04","Recruiting",337,443
"2020-05","Recruiting",536,474
"2020-06","Recruiting",NULL,437
"2020-07","Recruiting",960,748
"2020-08","Recruiting",NULL,960
"2021-02","Recruiting",13,487
"2022-07","Recruiting",23,18
"2022-08","Recruiting",7,14
"2022-10","Recruiting",50,27
"2022-11","Recruiting",300,119
"2023-02","Recruiting",NULL,175
"2023-03","Recruiting",NULL,300
"2023-04","Recruiting",201,201
"2023-05","Recruiting",1097,649
"2023-06","Recruiting",NULL,649
"2023-08","Recruiting",123,610
"2023-09","Recruiting",NULL,123
"2023-10","Recruiting",891,507
"2024-01","Recruiting",NULL,891
"2024-03","Recruiting",14,453
"2024-05","Recruiting",NULL,14
"2024-08","Recruiting",69,42
"2024-10","Recruiting",200,135
"2024-11","Recruiting",202,157
"2025-01","Recruiting",105,169
"2025-09","Recruiting",80,129
"2025-10","Recruiting",100,95
"2020-03","Retail",641,641
"2020-04","Retail",4241,2441
"2020-05","Retail",1259,2047
"2020-06","Retail",1464,2321
"2020-07","Retail",187,970
"2020-08","Retail",180,610
"2020-09","Retail",NULL,184
"2020-11","Retail",30,105
"2021-01","Retail",800,415
"2021-02","Retail",288,373
"2021-09","Retail",NULL,544
"2022-03","Retail",1020,654
"2022-04","Retail",439,730
"2022-05","Retail",640,700
"2022-06","Retail",2211,1097
"2022-07","Retail",1208,1353
"2022-08","Retail",2336,1918
"2022-09","Retail",250,1265
"2022-10","Retail",313,966
"2022-11","Retail",11794,4119
"2022-12","Retail",1003,4370
"2023-01","Retail",11744,8180
"2023-02","Retail",1550,4766
"2023-03","Retail",10527,7940
"2023-04","Retail",1025,4367
"2023-05","Retail",2772,4775
"2023-06","Retail",115,1304
"2023-07","Retail",1135,1341
"2023-08","Retail",114,455
"2023-09","Retail",154,468
"2023-10","Retail",1058,442
"2023-11","Retail",755,656
"2023-12","Retail",1184,999
"2024-01","Retail",4172,2037
"2024-02","Retail",2744,2700
"2024-03","Retail",195,2370
"2024-04","Retail",609,1183
"2024-06","Retail",1260,688
"2024-07","Retail",60,643
"2024-08","Retail",NULL,660
"2024-09","Retail",96,78
"2024-10","Retail",130,113
"2024-11","Retail",NULL,113
"2024-12","Retail",276,203
"2025-01","Retail",962,619
"2025-02","Retail",90,443
"2025-03","Retail",340,464
"2025-05","Retail",300,243
"2025-06","Retail",50,230
"2025-07","Retail",NULL,175
"2025-08","Retail",150,100
"2025-10","Retail",14300,7225
"2025-11","Retail",40,4830
"2025-12","Retail",84,4808
"2026-01","Retail",16116,5413
"2026-02","Retail",850,5683
"2026-03","Retail",815,5927
"2026-04","Retail",NULL,833
"2020-04","Sales",100,100
"2020-05","Sales",148,124
"2020-08","Sales",1056,435
"2022-06","Sales",30,411
"2022-07","Sales",72,386
"2022-08","Sales",117,73
"2022-09","Sales",698,296
"2022-10","Sales",380,398
"2022-11","Sales",1232,770
"2022-12","Sales",72,561
"2023-01","Sales",8040,3115
"2023-02","Sales",1271,3128
"2023-03","Sales",17,3109
"2023-04","Sales",NULL,644
"2023-05","Sales",NULL,17
"2023-06","Sales",260,260
"2023-07","Sales",NULL,260
"2023-08","Sales",120,190
"2023-09","Sales",NULL,120
"2023-10","Sales",140,130
"2023-11","Sales",NULL,140
"2024-01","Sales",700,420
"2024-02","Sales",480,590
"2024-05","Sales",15,398
"2024-07","Sales",300,265
"2024-10","Sales",12,109
"2024-11","Sales",67,126
"2025-02","Sales",1000,360
"2025-04","Sales",NULL,534
"2025-06","Sales",351,676
"2025-07","Sales",106,229
"2025-08","Sales",4000,1486
"2025-09","Sales",385,1497
"2025-12","Sales",24,1470
"2026-02","Sales",76,162
"2020-03","Security",NULL,NULL
"2020-04","Security",97,97
"2020-05","Security",63,80
"2020-06","Security",50,70
"2020-11","Security",NULL,57
"2020-12","Security",78,64
"2021-08","Security",30,54
"2022-05","Security",460,189
"2022-06","Security",1463,651
"2022-07","Security",157,693
"2022-08","Security",457,692
"2022-09","Security",24,213
"2022-10","Security",518,333
"2022-11","Security",380,307
"2022-12","Security",240,379
"2023-01","Security",868,496
"2023-02","Security",917,675
"2023-03","Security",177,654
"2023-04","Security",791,628
"2023-05","Security",440,469
"2023-06","Security",118,450
"2023-07","Security",456,338
"2023-08","Security",1001,525
"2023-09","Security",67,508
"2023-10","Security",70,379
"2023-11","Security",120,86
"2024-01","Security",380,190
"2024-02","Security",400,300
"2024-03","Security",NULL,390
"2024-04","Security",20,210
"2024-07","Security",66,43
"2024-09","Security",40,42
"2024-10","Security",200,102
"2024-11","Security",250,163
"2025-01","Security",NULL,225
"2025-02","Security",480,365
"2025-03","Security",67,274
"2025-05","Security",520,356
"2025-07","Security",65,217
"2025-08","Security",106,230
"2025-10","Security",200,124
"2025-11","Security",180,162
"2025-12","Security",20,133
"2026-01","Security",250,150
"2026-02","Security",540,270
"2026-03","Security",25,272
"2020-03","Support",16,16
"2020-04","Support",213,115
"2020-05","Support",39,89
"2020-06","Support",26,93
"2020-11","Support",30,32
"2022-06","Support",102,53
"2022-07","Support",120,84
"2022-08","Support",130,117
"2022-09","Support",320,190
"2022-10","Support",200,217
"2022-11","Support",592,371
"2022-12","Support",90,294
"2023-01","Support",1218,633
"2023-02","Support",345,551
"2023-03","Support",314,626
"2023-05","Support",320,326
"2023-06","Support",NULL,317
"2023-07","Support",2000,1160
"2023-08","Support",NULL,2000
"2023-09","Support",NULL,2000
"2024-01","Support",NULL,NULL
"2024-03","Support",NULL,NULL
"2024-05","Support",116,116
"2024-08","Support",190,153
"2024-11","Support",660,322
"2025-01","Support",66,305
"2025-02","Support",551,426
"2025-04","Support",123,247
"2025-08","Support",NULL,337
"2025-12","Support",100,112
"2026-03","Support",100,100
"2020-03","Transportation",916,916
"2020-04","Transportation",1945,1431
"2020-05","Transportation",10340,4400
"2020-06","Transportation",1425,4570
"2020-08","Transportation",NULL,5883
"2020-09","Transportation",30,728
"2020-11","Transportation",NULL,30
"2021-02","Transportation",200,115
"2022-01","Transportation",NULL,200
"2022-02","Transportation",111,156
"2022-04","Transportation",100,106
"2022-05","Transportation",4550,1587
"2022-06","Transportation",2490,2380
"2022-07","Transportation",2178,3073
"2022-08","Transportation",517,1728
"2022-09","Transportation",473,1056
"2022-10","Transportation",238,409
"2022-11","Transportation",4231,1647
"2022-12","Transportation",1179,1883
"2023-01","Transportation",2178,2529
"2023-02","Transportation",1148,1502
"2023-03","Transportation",2425,1917
"2023-04","Transportation",1208,1594
"2023-05","Transportation",639,1424
"2023-06","Transportation",1617,1155
"2023-07","Transportation",252,836
"2023-08","Transportation",320,730
"2023-09","Transportation",17,196
"2023-10","Transportation",NULL,169
"2023-11","Transportation",128,73
"2023-12","Transportation",1115,622
"2024-01","Transportation",908,717
"2024-02","Transportation",370,798
"2024-03","Transportation",140,473
"2024-04","Transportation",14801,5104
"2024-05","Transportation",1389,5443
"2024-06","Transportation",1020,5737
"2024-07","Transportation",NULL,1205
"2024-08","Transportation",NULL,1020
"2024-09","Transportation",170,170
"2024-10","Transportation",130,150
"2024-11","Transportation",500,267
"2024-12","Transportation",20,217
"2025-01","Transportation",45,188
"2025-02","Transportation",1040,368
"2025-03","Transportation",1000,695
"2025-04","Transportation",550,863
"2025-05","Transportation",258,603
"2025-06","Transportation",140,316
"2025-07","Transportation",NULL,199
"2025-08","Transportation",NULL,140
"2025-09","Transportation",200,200
"2025-10","Transportation",600,400
"2025-11","Transportation",NULL,400
"2025-12","Transportation",200,400
"2026-01","Transportation",29,115
"2026-02","Transportation",226,152
"2026-03","Transportation",296,184
"2020-03","Travel",1603,1603
"2020-04","Travel",2405,2004
"2020-05","Travel",3910,2639
"2020-06","Travel",350,2222
"2020-07","Travel",4675,2978
"2020-08","Travel",350,1792
"2020-10","Travel",90,1705
"2020-12","Travel",600,347
"2022-05","Travel",200,297
"2022-06","Travel",360,387
"2022-07","Travel",107,222
"2022-11","Travel",370,279
"2022-12","Travel",600,359
"2023-01","Travel",1434,801
"2023-03","Travel",130,721
"2023-04","Travel",NULL,782
"2023-05","Travel",1264,697
"2023-06","Travel",387,826
"2023-07","Travel",50,567
"2023-08","Travel",NULL,219
"2023-09","Travel",257,154
"2023-10","Travel",505,381
"2023-11","Travel",125,296
"2023-12","Travel",145,258
"2024-01","Travel",416,229
"2024-02","Travel",1926,829
"2024-04","Travel",NULL,1171
"2024-05","Travel",873,1400
"2024-06","Travel",103,488
"2024-11","Travel",NULL,488
"2024-12","Travel",60,82
"2025-02","Travel",75,68
"2025-04","Travel",NULL,68
"2025-11","Travel",NULL,75
"2026-01","Travel",250,250
"2026-02","Travel",100,175
